arm,case,dice,hd95_mm,gt_ml,pred_ml,gt_empty,pred_empty,spacing_x,spacing_y,spacing_z
rung2_amos_ct,amos_0001,0.001287,73.0757,242.54,0.156,0,0,0.5703125,0.5703125,5.0
rung2_amos_ct,amos_0004,0.925626,2.7849,71.775,65.497,0,0,0.7820000052452087,0.7820000052452087,5.0
rung2_amos_ct,amos_0005,0.0,,154.163,0.0,0,1,0.5690104365348816,0.5690104365348816,5.0
rung2_amos_ct,amos_0006,0.00606,301.4638,563.075,12.156,0,0,0.8349999785423279,0.8349999785423279,5.0
rung2_amos_ct,amos_0007,0.752441,23.8603,425.271,261.308,0,0,0.5182291865348816,0.5182291865348816,5.0
rung2_amos_ct,amos_0008,0.889544,4.6904,96.361,77.953,0,0,0.6158854365348816,0.6158854365348816,5.0
rung2_amos_ct,amos_0009,0.892344,7.4549,315.77,258.828,0,0,0.7820000052452087,0.7820000052452087,5.0
rung2_amos_ct,amos_0010,0.924152,3.232,87.67,83.319,0,0,0.8080000281333923,0.8080000281333923,5.0
rung2_amos_ct,amos_0011,0.946498,2.2118,128.386,128.157,0,0,0.7820000052452087,0.7820000052452087,5.0
rung2_amos_ct,amos_0013,0.199919,56.8556,288.347,35.979,0,0,0.781000018119812,0.781000018119812,5.0
rung2_amos_ct,amos_0014,0.922876,3.2243,139.253,122.883,0,0,0.7820000052452087,0.7820000052452087,5.0
rung2_amos_ct,amos_0015,0.852333,89.4364,146.211,127.012,0,0,0.6497395634651184,0.6497395634651184,5.0
rung2_amos_ct,amos_0016,0.551202,30.862,238.907,92.16,0,0,0.7820000052452087,0.7820000052452087,5.0
rung2_amos_ct,amos_0017,0.636731,187.2484,134.022,252.342,0,0,0.7820000052452087,0.7820000052452087,5.0
rung2_amos_ct,amos_0018,0.956359,1.692,244.9,234.637,0,0,0.8460000157356262,0.8460000157356262,5.0
rung2_amos_ct,amos_0019,0.868148,11.1965,400.97,317.54,0,0,0.7820000052452087,0.7820000052452087,5.0
rung2_amos_ct,amos_0021,0.0,,807.321,0.0,0,1,0.8920000195503235,0.8920000195503235,5.0
rung2_amos_ct,amos_0022,0.757915,11.2429,103.388,63.367,0,0,0.5833333134651184,0.5833333134651184,5.0
rung2_amos_ct,amos_0023,0.902921,5.0,178.397,150.141,0,0,0.7820000052452087,0.7820000052452087,5.0
rung2_amos_ct,amos_0024,0.947293,3.128,245.83,235.259,0,0,0.7820000052452087,0.7820000052452087,5.0
rung2_amos_ct,amos_0025,0.826886,8.9121,113.954,90.117,0,0,0.7820000052452087,0.7820000052452087,5.0
rung2_amos_ct,amos_0027,0.936786,1.7486,84.372,80.81,0,0,0.7820000052452087,0.7820000052452087,5.0
rung2_amos_ct,amos_0029,0.947304,1.7486,178.195,168.035,0,0,0.7820000052452087,0.7820000052452087,5.0
rung2_amos_ct,amos_0030,0.938373,2.721,147.517,140.55,0,0,0.9070000052452087,0.9070000052452087,5.0
rung2_amos_ct,amos_0032,0.955148,2.0728,321.728,305.161,0,0,0.9269999861717224,0.9269999861717224,5.0
rung2_amos_ct,amos_0033,0.933918,3.91,174.612,163.485,0,0,0.7820000052452087,0.7820000052452087,5.0
rung2_amos_ct,amos_0034,0.0,217.8225,168.576,1.587,0,0,0.7820000052452087,0.7820000052452087,5.0
rung2_amos_ct,amos_0035,0.937749,2.883,210.535,205.821,0,0,0.9610000252723694,0.9610000252723694,5.0
rung2_amos_ct,amos_0036,0.845815,334.7084,203.07,221.364,0,0,0.8880000114440918,0.8880000114440918,5.0
rung2_amos_ct,amos_0038,0.955486,1.562,157.626,154.592,0,0,0.781000018119812,0.781000018119812,5.0
rung2_amos_ct,amos_0040,0.672581,33.2324,434.222,221.671,0,0,0.7820000052452087,0.7820000052452087,5.0
rung2_amos_ct,amos_0041,0.895675,5.693,151.169,143.323,0,0,0.7820000052452087,0.7820000052452087,5.0
rung2_amos_ct,amos_0042,0.945495,1.7486,102.84,100.908,0,0,0.7820000052452087,0.7820000052452087,5.0
rung2_amos_ct,amos_0043,0.932475,2.529,214.328,192.433,0,0,0.8429999947547913,0.8429999947547913,5.0
rung2_amos_ct,amos_0044,0.924013,5.0257,242.312,231.426,0,0,0.5078125,0.5078125,5.0
rung2_amos_ct,amos_0045,0.950817,1.4558,209.141,193.318,0,0,0.6510416865348816,0.6510416865348816,5.0
rung2_amos_ct,amos_0047,0.769533,12.5126,242.851,193.147,0,0,0.5885416865348816,0.5885416865348816,5.0
rung2_amos_ct,amos_0048,0.934153,2.3427,201.202,180.236,0,0,0.6497395634651184,0.6497395634651184,5.0
rung2_amos_ct,amos_0049,0.147257,63.2412,302.66,24.181,0,0,0.5078125,0.5078125,5.0
rung2_amos_ct,amos_0050,0.0,,107.424,0.0,0,1,0.56640625,0.56640625,5.0
rung2_amos_ct,amos_0051,0.574194,29.0871,406.889,164.68,0,0,0.7739999890327454,0.7739999890327454,5.0
rung2_amos_ct,amos_0052,0.0,,61.578,0.0,0,1,0.6106770634651184,0.6106770634651184,5.0
rung2_amos_ct,amos_0054,0.815672,6.9832,83.133,60.977,0,0,0.609375,0.609375,5.0
rung2_amos_ct,amos_0056,0.653091,20.3993,162.968,103.543,0,0,0.5794270634651184,0.5794270634651184,5.0
rung2_amos_ct,amos_0057,,,0.0,57.799,1,0,0.6510416865348816,0.6510416865348816,5.0
rung2_amos_ct,amos_0058,0.004283,72.2523,208.962,0.448,0,0,0.5989583134651184,0.5989583134651184,5.0
rung2_amos_ct,amos_0059,0.940497,2.2118,130.744,117.605,0,0,0.7820000052452087,0.7820000052452087,5.0
rung2_amos_ct,amos_0060,0.939378,2.3584,239.819,218.273,0,0,0.52734375,0.52734375,5.0
rung2_amos_ct,amos_0061,0.918741,5.474,243.802,213.718,0,0,0.7820000052452087,0.7820000052452087,5.0
rung2_amos_ct,amos_0063,0.939393,2.8195,160.091,149.371,0,0,0.7820000052452087,0.7820000052452087,5.0
rung2_amos_ct,amos_0064,0.0,,14.515,0.0,0,1,0.7820000052452087,0.7820000052452087,5.0
rung2_amos_ct,amos_0066,0.613449,71.0457,364.835,167.499,0,0,0.7820000052452087,0.7820000052452087,5.0
rung2_amos_ct,amos_0067,0.055946,52.9305,111.852,3.388,0,0,0.8539999723434448,0.8539999723434448,5.0
rung2_amos_ct,amos_0069,0.456405,295.2131,260.298,101.492,0,0,0.8009999990463257,0.8009999990463257,5.0
rung2_amos_ct,amos_0070,0.932784,173.1913,270.495,268.934,0,0,0.5234375,0.5234375,5.0
rung2_amos_ct,amos_0071,0.952105,1.67,164.423,156.565,0,0,0.8349999785423279,0.8349999785423279,5.0
rung2_amos_ct,amos_0072,0.930395,2.9427,171.937,152.771,0,0,0.5885416865348816,0.5885416865348816,5.0
rung2_amos_ct,amos_0073,0.952019,2.2118,194.388,183.567,0,0,0.7820000052452087,0.7820000052452087,5.0
rung2_amos_ct,amos_0075,0.610361,12.9288,49.246,21.639,0,0,0.7820000052452087,0.7820000052452087,5.0
rung2_amos_ct,amos_0076,0.831027,9.6615,112.869,90.13,0,0,0.4830729067325592,0.4830729067325592,5.0
rung2_amos_ct,amos_0077,0.0,,514.081,0.0,0,1,0.6510416865348816,0.6510416865348816,5.0
rung2_amos_ct,amos_0078,0.903104,3.91,85.35,73.533,0,0,0.7820000052452087,0.7820000052452087,5.0
rung2_amos_ct,amos_0079,0.911629,6.2477,188.936,190.333,0,0,0.53515625,0.53515625,5.0
rung2_amos_ct,amos_0081,0.756445,11.7604,115.959,71.443,0,0,0.5533854365348816,0.5533854365348816,5.0
rung2_amos_ct,amos_0083,0.645273,20.4834,303.924,206.013,0,0,0.7820000052452087,0.7820000052452087,5.0
rung2_amos_ct,amos_0084,0.908204,4.7567,180.953,164.292,0,0,0.7820000052452087,0.7820000052452087,5.0
rung2_amos_ct,amos_0085,0.649857,49.2984,512.997,259.693,0,0,0.7020000219345093,0.7020000219345093,5.0
rung2_amos_ct,amos_0086,0.844,8.58,179.149,137.637,0,0,0.8579999804496765,0.8579999804496765,5.0
rung2_amos_ct,amos_0087,0.826471,141.9242,249.526,311.15,0,0,0.7820000052452087,0.7820000052452087,5.0
rung2_amos_ct,amos_0088,0.798982,8.7434,84.003,56.306,0,0,0.746999979019165,0.746999979019165,5.0
rung2_amos_ct,amos_0089,0.943274,171.4177,276.261,271.567,0,0,0.9459999799728394,0.9459999799728394,5.0
rung2_amos_ct,amos_0090,0.94757,2.3188,323.509,297.038,0,0,1.0369999408721924,1.0369999408721924,5.0
rung2_amos_ct,amos_0092,0.878306,15.0,202.745,165.469,0,0,0.7820000052452087,0.7820000052452087,5.0
rung2_amos_ct,amos_0094,0.893989,6.2754,207.414,171.747,0,0,0.8240000009536743,0.8240000009536743,5.0
rung2_amos_ct,amos_0097,0.872197,8.4039,156.722,158.684,0,0,1.0679999589920044,1.0679999589920044,5.0
rung2_amos_ct,amos_0098,0.950868,1.7486,201.604,191.022,0,0,0.7820000052452087,0.7820000052452087,5.0
rung2_amos_ct,amos_0099,0.88046,5.2083,174.864,142.496,0,0,0.6510416865348816,0.6510416865348816,5.0
rung2_amos_ct,amos_0102,0.955972,1.4121,189.897,175.137,0,0,0.6315104365348816,0.6315104365348816,5.0
rung2_amos_ct,amos_0103,0.006623,44.7586,94.462,0.314,0,0,0.5390625,0.5390625,5.0
rung2_amos_ct,amos_0104,0.95476,1.564,181.485,168.209,0,0,0.7820000052452087,0.7820000052452087,5.0
rung2_amos_ct,amos_0105,0.797757,20.0415,129.651,86.285,0,0,0.5768229365348816,0.5768229365348816,5.0
rung2_amos_ct,amos_0106,0.950315,1.8267,122.496,111.007,0,0,0.6458333134651184,0.6458333134651184,5.0
rung2_amos_ct,amos_0108,0.0,,359.347,0.0,0,1,0.7820000052452087,0.7820000052452087,5.0
rung2_amos_ct,amos_0109,0.0,,113.164,0.0,0,1,0.6197916865348816,0.6197916865348816,5.0
rung2_amos_ct,amos_0110,0.947559,173.82,204.044,205.261,0,0,0.7820000052452087,0.7820000052452087,5.0
rung2_amos_ct,amos_0111,0.758678,14.076,150.325,92.083,0,0,0.7820000052452087,0.7820000052452087,5.0
rung2_amos_ct,amos_0112,0.882222,342.083,204.808,189.289,0,0,0.6184895634651184,0.6184895634651184,5.0
rung2_amos_ct,amos_0113,0.820176,22.3814,199.779,147.186,0,0,0.6471354365348816,0.6471354365348816,5.0
rung2_amos_ct,amos_0115,,,0.0,58.326,1,0,0.47265625,0.47265625,5.0
rung2_amos_ct,amos_0116,0.919844,5.1308,249.995,231.498,0,0,0.9070000052452087,0.9070000052452087,5.0
rung2_amos_ct,amos_0117,0.947548,4.0625,260.897,255.548,0,0,0.5078125,0.5078125,5.0
rung2_amos_ct,amos_0118,0.931338,2.4155,137.925,120.877,0,0,0.8539999723434448,0.8539999723434448,5.0
rung2_amos_ct,amos_0119,0.828924,16.3638,378.757,272.513,0,0,0.7820000052452087,0.7820000052452087,5.0
rung2_amos_ct,amos_0120,0.0,,876.843,0.0,0,1,0.7820000052452087,0.7820000052452087,5.0
rung2_amos_ct,amos_0121,0.897384,5.0887,167.224,137.795,0,0,0.9459999799728394,0.9459999799728394,5.0
rung2_amos_ct,amos_0123,0.954811,4.4237,298.656,277.488,0,0,0.7820000052452087,0.7820000052452087,5.0
rung2_amos_ct,amos_0124,0.788142,25.0,539.964,352.121,0,0,0.9490000009536743,0.9490000009536743,5.0
rung2_amos_ct,amos_0125,0.0,,486.407,0.0,0,1,0.5546875,0.5546875,5.0
rung2_amos_ct,amos_0126,0.0,,73.458,0.0,0,1,0.6890000104904175,0.6890000104904175,5.0
rung2_amos_ct,amos_0127,0.532749,20.1374,111.817,40.883,0,0,0.7820000052452087,0.7820000052452087,5.0
rung2_amos_ct,amos_0128,0.952262,1.9014,249.344,228.804,0,0,0.52734375,0.52734375,5.0
rung2_amos_ct,amos_0129,0.949062,1.7486,140.544,131.074,0,0,0.7820000052452087,0.7820000052452087,5.0
rung2_amos_ct,amos_0131,0.91085,3.9601,210.402,178.032,0,0,0.6510416865348816,0.6510416865348816,5.0
rung2_amos_ct,amos_0132,0.0,300.0754,115.957,90.584,0,0,0.9610000252723694,0.9610000252723694,5.0
rung2_amos_ct,amos_0133,0.203765,39.7005,98.19,11.139,0,0,0.453125,0.453125,5.0
rung2_amos_ct,amos_0134,0.875225,8.8865,126.369,98.811,0,0,0.8539999723434448,0.8539999723434448,5.0
rung2_amos_ct,amos_0135,0.943725,2.964,394.645,353.574,0,0,0.9879999756813049,0.9879999756813049,5.0
rung2_amos_ct,amos_0136,0.958229,1.7643,252.663,241.747,0,0,0.7889999747276306,0.7889999747276306,5.0
rung2_amos_ct,amos_0137,0.892389,6.8558,176.685,147.935,0,0,1.0219999551773071,1.0219999551773071,5.0
rung2_amos_ct,amos_0138,0.00113,104.5849,318.369,0.18,0,0,0.781000018119812,0.781000018119812,5.0
rung2_amos_ct,amos_0140,0.0501,82.1113,284.002,7.297,0,0,0.5989583134651184,0.5989583134651184,5.0
rung2_amos_ct,amos_0141,0.913088,3.8184,108.459,92.895,0,0,0.8999999761581421,0.8999999761581421,5.0
rung2_amos_ct,amos_0142,0.94379,2.1924,191.415,174.784,0,0,0.6080729365348816,0.6080729365348816,5.0
rung2_amos_ct,amos_0143,0.74723,19.7166,422.167,253.024,0,0,0.5299479365348816,0.5299479365348816,5.0
rung2_amos_ct,amos_0144,0.86097,156.0884,173.711,204.609,0,0,0.8460000157356262,0.8460000157356262,5.0
rung2_amos_ct,amos_0147,0.769361,23.0641,440.892,277.453,0,0,0.777999997138977,0.777999997138977,5.0
rung2_amos_ct,amos_0149,0.77513,12.656,295.579,190.419,0,0,0.9039999842643738,0.9039999842643738,5.0
rung2_amos_ct,amos_0150,0.284037,53.8263,387.243,73.977,0,0,0.6432291865348816,0.6432291865348816,5.0
rung2_amos_ct,amos_0152,0.0,,55.557,0.0,0,1,0.7820000052452087,0.7820000052452087,5.0
rung2_amos_ct,amos_0153,0.570242,40.0807,443.083,178.901,0,0,0.8080000281333923,0.8080000281333923,5.0
rung2_amos_ct,amos_0154,0.0,,170.563,0.0,0,1,0.7820000052452087,0.7820000052452087,5.0
rung2_amos_ct,amos_0155,0.960345,1.2247,188.651,176.157,0,0,0.8659999966621399,0.8659999966621399,5.0
rung2_amos_ct,amos_0156,0.0,,71.104,0.0,0,1,0.746999979019165,0.746999979019165,5.0
rung2_amos_ct,amos_0157,0.32181,42.6235,127.209,24.394,0,0,0.7820000052452087,0.7820000052452087,5.0
rung2_amos_ct,amos_0158,0.893827,5.6858,263.927,214.746,0,0,0.781000018119812,0.781000018119812,5.0
rung2_amos_ct,amos_0159,0.22898,52.8638,733.017,101.578,0,0,0.8309999704360962,0.8309999704360962,5.0
rung2_amos_ct,amos_0160,0.752855,11.5973,169.798,102.955,0,0,0.8690000176429749,0.8690000176429749,5.0
rung2_amos_ct,amos_0161,0.90383,9.9306,240.869,200.163,0,0,0.8579999804496765,0.8579999804496765,5.0
rung2_amos_ct,amos_0162,0.478708,33.9133,267.829,86.586,0,0,0.7820000052452087,0.7820000052452087,5.0
rung2_amos_ct,amos_0166,0.728942,25.8774,189.239,109.148,0,0,0.7820000052452087,0.7820000052452087,5.0
rung2_amos_ct,amos_0167,0.0,,15.933,0.0,0,1,0.7820000052452087,0.7820000052452087,5.0
rung2_amos_ct,amos_0170,0.793895,12.6713,143.612,95.53,0,0,0.8849999904632568,0.8849999904632568,5.0
rung2_amos_ct,amos_0171,0.054878,64.651,65.579,41.006,0,0,0.6510416865348816,0.6510416865348816,5.0
rung2_amos_ct,amos_0172,0.0,,297.376,0.0,0,1,0.5833333134651184,0.5833333134651184,5.0
rung2_amos_ct,amos_0173,0.0,,300.693,0.0,0,1,0.6341145634651184,0.6341145634651184,5.0
rung2_amos_ct,amos_0174,0.950021,2.7719,412.718,378.119,0,0,0.9800000190734863,0.9800000190734863,5.0
rung2_amos_ct,amos_0175,0.911216,5.1208,115.015,106.531,0,0,0.7820000052452087,0.7820000052452087,5.0
rung2_amos_ct,amos_0176,0.028779,118.5152,143.733,34.015,0,0,0.7509999871253967,0.7509999871253967,5.0
rung2_amos_ct,amos_0177,0.942309,5.0,145.258,131.771,0,0,0.7820000052452087,0.7820000052452087,5.0
rung2_amos_ct,amos_0179,0.928025,3.2243,80.596,70.766,0,0,0.7820000052452087,0.7820000052452087,5.0
rung2_amos_ct,amos_0180,0.844052,7.9117,151.879,111.275,0,0,0.5377604365348816,0.5377604365348816,5.0
rung2_amos_ct,amos_0181,0.732241,18.1037,229.052,141.153,0,0,0.8659999966621399,0.8659999966621399,5.0
rung2_amos_ct,amos_0184,0.883888,6.8196,172.743,138.793,0,0,0.8270000219345093,0.8270000219345093,5.0
rung2_amos_ct,amos_0185,0.615486,50.7639,373.676,166.13,0,0,0.9300000071525574,0.9300000071525574,5.0
rung2_amos_ct,amos_0186,0.851591,10.5893,174.206,140.899,0,0,0.4661458432674408,0.4661458432674408,5.0
rung2_amos_ct,amos_0188,0.944228,2.2118,98.095,94.502,0,0,0.7820000052452087,0.7820000052452087,5.0
rung2_amos_ct,amos_0189,0.0,,201.383,0.0,0,1,0.4791666567325592,0.4791666567325592,5.0
rung2_amos_ct,amos_0190,0.760184,360.0652,171.654,130.832,0,0,0.7929999828338623,0.7929999828338623,5.0
rung2_amos_ct,amos_0191,0.941239,2.961,314.274,281.071,0,0,0.5078125,0.5078125,5.0
rung2_amos_ct,amos_0192,0.0,181.0102,55.328,0.018,0,0,0.7820000052452087,0.7820000052452087,5.0
rung2_amos_ct,amos_0193,0.905704,5.0,120.362,108.759,0,0,0.8849999904632568,0.8849999904632568,5.0
rung2_amos_ct,amos_0194,0.000453,50.3799,94.419,0.021,0,0,0.5338541865348816,0.5338541865348816,5.0
rung2_amos_ct,amos_0195,0.969119,1.3477,329.298,312.433,0,0,0.953000009059906,0.953000009059906,5.0
rung2_amos_ct,amos_0196,0.940092,2.8195,120.464,110.025,0,0,0.7820000052452087,0.7820000052452087,5.0
rung2_amos_ct,amos_0197,0.961859,1.342,200.22,193.349,0,0,0.6710000038146973,0.6710000038146973,5.0
rung2_amos_ct,amos_0198,0.854563,8.0846,203.696,154.801,0,0,0.8809999823570251,0.8809999823570251,5.0
rung2_amos_ct,amos_0199,0.915763,3.2156,110.639,95.02,0,0,0.5286458134651184,0.5286458134651184,5.0
rung2_amos_ct,amos_0200,0.97138,1.2728,248.212,240.841,0,0,0.8999999761581421,0.8999999761581421,5.0
rung2_amos_ct,amos_0202,0.931148,2.4335,177.043,163.071,0,0,0.7695310115814209,0.7695310115814209,5.0
rung2_amos_ct,amos_0203,0.694296,138.416,104.618,137.584,0,0,0.658203125,0.658203125,2.0
rung2_amos_ct,amos_0204,0.868126,11.0764,189.19,156.826,0,0,0.658203125,0.658203125,2.0
rung2_amos_ct,amos_0206,0.823478,13.6105,154.619,110.93,0,0,0.611328125,0.611328125,2.0
rung2_amos_ct,amos_0207,0.894212,8.8657,296.534,249.446,0,0,0.7929689884185791,0.7929689884185791,1.25
rung2_amos_ct,amos_0208,0.0,,666.621,0.0,0,1,0.640625,0.640625,2.0
rung2_amos_ct,amos_0212,0.324906,50.6527,194.911,38.575,0,0,0.544921875,0.544921875,2.0
rung2_amos_ct,amos_0214,0.95882,1.9042,202.11,192.132,0,0,0.8515625,0.8515625,2.0
rung2_amos_ct,amos_0215,0.948063,2.0742,174.004,163.686,0,0,0.69140625,0.69140625,2.0
rung2_amos_ct,amos_0216,0.712909,366.5232,100.928,71.881,0,0,0.658203125,0.658203125,2.0
rung2_amos_ct,amos_0217,0.88881,193.4819,167.299,194.869,0,0,0.6875,0.6875,2.0
rung2_amos_ct,amos_0218,0.736587,14.7526,184.177,136.579,0,0,0.7558590173721313,0.7558590173721313,2.5
rung2_amos_ct,amos_0219,0.939036,301.9391,117.423,122.068,0,0,0.638671875,0.638671875,2.0
rung2_amos_ct,amos_0223,0.95733,2.0,176.337,173.887,0,0,0.650390625,0.650390625,2.0
rung2_amos_ct,amos_0224,0.938577,2.0,68.081,66.988,0,0,0.673828125,0.673828125,2.0
rung2_amos_ct,amos_0225,0.0,,83.818,0.0,0,1,0.564453125,0.564453125,2.0
rung2_amos_ct,amos_0226,0.963926,1.9517,173.843,168.067,0,0,0.6171875,0.6171875,2.0
rung2_amos_ct,amos_0228,0.810842,19.8978,179.27,131.824,0,0,0.681640625,0.681640625,2.0
rung2_amos_ct,amos_0230,0.929247,2.625,128.093,124.658,0,0,0.65625,0.65625,2.0
rung2_amos_ct,amos_0231,0.914067,4.8546,186.839,163.379,0,0,0.7675780057907104,0.7675780057907104,5.0
rung2_amos_ct,amos_0233,0.963408,2.0,183.158,181.921,0,0,0.705078125,0.705078125,2.0
rung2_amos_ct,amos_0235,0.759007,30.0,159.422,101.527,0,0,0.6875,0.6875,2.0
rung2_amos_ct,amos_0237,0.962245,1.8562,228.406,224.22,0,0,0.65625,0.65625,2.0
rung2_amos_ct,amos_0238,0.693561,32.2282,497.417,289.362,0,0,0.765625,0.765625,2.0
rung2_amos_ct,amos_0239,0.932137,2.1123,82.245,78.811,0,0,0.66796875,0.66796875,2.0
rung2_amos_ct,amos_0242,0.604429,358.6771,195.411,189.838,0,0,0.646484375,0.646484375,2.0
rung2_amos_ct,amos_0244,0.941542,2.7675,191.207,179.464,0,0,0.767578125,0.767578125,2.0
rung2_amos_ct,amos_0245,0.846965,9.2713,158.88,158.203,0,0,0.8125,0.8125,2.5
rung2_amos_ct,amos_0247,0.949026,153.1248,191.232,198.272,0,0,0.6484375,0.6484375,2.0
rung2_amos_ct,amos_0248,0.955627,2.0,221.075,219.084,0,0,0.689453125,0.689453125,2.0
rung2_amos_ct,amos_0249,0.926736,3.226,99.523,95.948,0,0,0.6328125,0.6328125,2.0
rung2_amos_ct,amos_0250,0.943082,2.0,98.513,96.839,0,0,0.607421875,0.607421875,2.0
rung2_amos_ct,amos_0254,0.902093,5.0,89.632,74.066,0,0,0.59765625,0.59765625,5.0
rung2_amos_ct,amos_0255,0.954154,2.0,183.355,174.164,0,0,0.751953125,0.751953125,2.0
rung2_amos_ct,amos_0257,0.0,,953.554,0.0,0,1,0.72265625,0.72265625,5.0
rung2_amos_ct,amos_0258,0.966161,1.2266,177.9,175.829,0,0,0.61328125,0.61328125,5.0
rung2_amos_ct,amos_0259,0.58815,40.0,149.918,62.616,0,0,0.6523439884185791,0.6523439884185791,5.0
rung2_amos_ct,amos_0263,0.895366,13.7164,360.599,294.716,0,0,0.67578125,0.67578125,5.0
rung2_amos_ct,amos_0264,0.852242,9.4296,165.025,127.975,0,0,0.728515625,0.728515625,2.0
rung2_amos_ct,amos_0268,0.78887,14.9007,281.376,187.446,0,0,0.6484375,0.6484375,2.0
rung2_amos_ct,amos_0272,0.947647,2.1888,147.327,142.225,0,0,0.62890625,0.62890625,2.0
rung2_amos_ct,amos_0273,0.965529,2.0,263.352,260.811,0,0,0.75,0.75,2.0
rung2_amos_ct,amos_0274,0.964131,2.0,241.505,243.679,0,0,0.6875,0.6875,2.0
rung2_amos_ct,amos_0276,0.951287,2.2042,175.543,165.701,0,0,0.611328125,0.611328125,2.0
rung2_amos_ct,amos_0278,0.944022,8.0,294.558,305.122,0,0,0.693359375,0.693359375,2.0
rung2_amos_ct,amos_0279,0.936766,2.8125,219.999,204.115,0,0,0.703125,0.703125,1.25
rung2_amos_ct,amos_0280,0.927875,3.7852,136.786,137.375,0,0,0.6308590173721313,0.6308590173721313,2.5
rung2_amos_ct,amos_0281,0.183014,58.2703,112.511,11.625,0,0,0.5703125,0.5703125,2.0
rung2_amos_ct,amos_0282,0.960538,2.0,247.214,244.431,0,0,0.787109375,0.787109375,2.0
rung2_amos_ct,amos_0283,0.961164,1.9826,210.273,199.169,0,0,0.626953125,0.626953125,2.0
rung2_amos_ct,amos_0284,0.932931,2.206,91.005,83.775,0,0,0.658203125,0.658203125,2.0
rung2_amos_ct,amos_0286,0.955615,2.0,158.332,155.555,0,0,0.703125,0.703125,2.0
rung2_amos_ct,amos_0287,0.921866,4.3277,137.354,128.653,0,0,0.9765620231628418,0.9765620231628418,1.25
rung2_amos_ct,amos_0288,0.767463,179.9537,91.631,119.074,0,0,0.7460939884185791,0.7460939884185791,5.0
rung2_amos_ct,amos_0289,0.892646,6.2402,201.285,177.496,0,0,0.693359375,0.693359375,2.0
rung2_amos_ct,amos_0290,0.0,,110.145,0.0,0,1,0.58984375,0.58984375,2.0
rung2_amos_ct,amos_0292,0.94844,2.7734,185.746,176.583,0,0,0.693359375,0.693359375,5.0
rung2_amos_ct,amos_0293,0.002088,89.6782,233.932,0.245,0,0,0.66796875,0.66796875,2.0
rung2_amos_ct,amos_0294,0.790391,19.9623,586.916,385.951,0,0,0.677734375,0.677734375,2.0
rung2_amos_ct,amos_0296,0.570878,186.0935,188.397,429.505,0,0,0.7949219942092896,0.7949219942092896,2.5
rung2_amos_ct,amos_0297,0.939024,2.7746,231.166,211.315,0,0,0.76953125,0.76953125,2.0
rung2_amos_ct,amos_0299,0.939743,2.5,146.26,133.948,0,0,0.7792969942092896,0.7792969942092896,2.5
rung2_amos_ct,amos_0301,0.001306,75.0161,204.456,0.134,0,0,0.7460939884185791,0.7460939884185791,2.5
rung2_amos_ct,amos_0302,0.956066,2.2253,145.321,141.967,0,0,0.6171875,0.6171875,5.0
rung2_amos_ct,amos_0304,0.910867,5.1964,139.311,122.385,0,0,0.64453125,0.64453125,2.0
rung2_amos_ct,amos_0307,0.897535,10.4417,159.136,136.531,0,0,0.671875,0.671875,2.0
rung2_amos_ct,amos_0308,0.958413,1.8867,209.412,205.494,0,0,0.62890625,0.62890625,5.0
rung2_amos_ct,amos_0309,0.871337,152.5836,280.65,287.952,0,0,0.70703125,0.70703125,2.0
rung2_amos_ct,amos_0310,0.956097,2.0,129.944,130.002,0,0,0.66796875,0.66796875,2.0
rung2_amos_ct,amos_0311,0.861057,19.322,334.826,259.442,0,0,0.591796875,0.591796875,2.0
rung2_amos_ct,amos_0313,0.963727,2.0,392.269,384.848,0,0,0.724609375,0.724609375,2.0
rung2_amos_ct,amos_0316,0.867286,8.4745,187.412,146.335,0,0,0.744140625,0.744140625,2.0
rung2_amos_ct,amos_0317,0.121487,58.2016,259.107,17.054,0,0,0.615234375,0.615234375,2.0
rung2_amos_ct,amos_0318,0.879838,6.3864,72.319,57.134,0,0,0.6484375,0.6484375,5.0
rung2_amos_ct,amos_0320,0.956143,2.0954,241.292,226.1,0,0,0.625,0.625,2.0
rung2_amos_ct,amos_0321,0.940863,2.0,67.513,64.065,0,0,0.71875,0.71875,2.0
rung2_amos_ct,amos_0323,0.965533,2.0,243.546,239.529,0,0,0.685546875,0.685546875,2.0
rung2_amos_ct,amos_0325,0.894889,6.477,120.124,100.813,0,0,0.771484375,0.771484375,2.0
rung2_amos_ct,amos_0326,0.958601,1.1719,107.704,99.952,0,0,0.5859375,0.5859375,5.0
rung2_amos_ct,amos_0328,0.953812,2.4506,231.722,215.174,0,0,0.6796875,0.6796875,5.0
rung2_amos_ct,amos_0330,0.25245,37.4973,234.695,35.144,0,0,0.62109375,0.62109375,5.0
rung2_amos_ct,amos_0332,0.948611,2.1617,187.457,176.97,0,0,0.68359375,0.68359375,2.0
rung2_amos_ct,amos_0333,0.922516,6.1645,247.536,227.184,0,0,0.69921875,0.69921875,2.0
rung2_amos_ct,amos_0334,0.946288,2.1797,137.458,128.429,0,0,0.544921875,0.544921875,5.0
rung2_amos_ct,amos_0336,0.724484,19.428,144.758,86.138,0,0,0.79296875,0.79296875,2.0
rung2_amos_ct,amos_0337,0.943814,2.6073,177.223,179.218,0,0,0.748046875,0.748046875,2.0
rung2_amos_ct,amos_0339,0.946124,2.5939,218.057,207.528,0,0,0.583984375,0.583984375,2.0
rung2_amos_ct,amos_0341,0.792606,11.5512,152.345,105.298,0,0,0.609375,0.609375,5.0
rung2_amos_ct,amos_0342,0.0,,467.682,0.0,0,1,0.615234375,0.615234375,5.0
rung2_amos_ct,amos_0344,0.944314,2.0,94.8,91.553,0,0,0.5859375,0.5859375,2.0
rung2_amos_ct,amos_0346,0.119724,141.6107,765.175,82.0,0,0,0.62109375,0.62109375,5.0
rung2_amos_ct,amos_0348,0.965864,2.0,216.913,217.749,0,0,0.67578125,0.67578125,2.0
rung2_amos_ct,amos_0349,0.0,,512.966,0.0,0,1,0.703125,0.703125,5.0
rung2_amos_ct,amos_0350,0.151137,44.8304,191.316,15.639,0,0,0.62109375,0.62109375,2.0
rung2_amos_ct,amos_0351,0.933405,3.8153,299.354,269.016,0,0,0.703125,0.703125,1.25
rung2_amos_ct,amos_0352,0.847814,10.3095,147.467,109.056,0,0,0.6953125,0.6953125,5.0
rung2_amos_ct,amos_0353,0.958882,2.0,191.402,186.686,0,0,0.650390625,0.650390625,2.0
rung2_amos_ct,amos_0356,0.736597,24.4759,159.056,94.299,0,0,0.703125,0.703125,2.5
rung2_amos_ct,amos_0357,0.929228,3.9644,114.524,111.398,0,0,0.619140625,0.619140625,2.0
rung2_amos_ct,amos_0358,0.85839,15.8707,96.501,87.851,0,0,0.6191409826278687,0.6191409826278687,1.25
rung2_amos_ct,amos_0361,0.942159,2.1743,153.248,136.904,0,0,0.52734375,0.52734375,5.0
rung2_amos_ct,amos_0362,0.863924,8.4466,258.319,198.648,0,0,0.6497395634651184,0.6497395634651184,5.0
rung2_amos_ct,amos_0363,0.215549,34.866,93.165,11.254,0,0,0.5078125,0.5078125,5.0
rung2_amos_ct,amos_0364,0.902544,5.1971,262.882,232.973,0,0,0.48046875,0.48046875,5.0
rung2_amos_ct,amos_0365,0.910845,5.0719,175.404,147.588,0,0,0.6015625,0.6015625,5.0
rung2_amos_ct,amos_0366,0.923193,5.671,199.92,172.504,0,0,0.53515625,0.53515625,5.0
rung2_amos_ct,amos_0367,0.922935,3.2552,124.249,108.07,0,0,0.6510416865348816,0.6510416865348816,5.0
rung2_amos_ct,amos_0368,0.573081,135.0037,146.231,302.741,0,0,0.56640625,0.56640625,5.0
rung2_amos_ct,amos_0370,0.634127,21.4193,117.656,54.624,0,0,0.6458333134651184,0.6458333134651184,5.0
rung2_amos_ct,amos_0371,0.941082,2.5362,275.895,253.992,0,0,0.4973958432674408,0.4973958432674408,5.0
rung2_amos_ct,amos_0372,0.931944,2.5971,167.802,147.832,0,0,0.5807291865348816,0.5807291865348816,5.0
rung2_amos_ct,amos_0373,0.162742,51.9009,119.475,10.583,0,0,0.6158854365348816,0.6158854365348816,5.0
rung2_amos_ct,amos_0374,0.825735,10.4286,213.135,150.081,0,0,0.640625,0.640625,5.0
rung2_amos_ct,amos_0376,0.0,,54.701,0.0,0,1,0.54296875,0.54296875,5.0
rung2_amos_ct,amos_0377,0.918202,3.2609,112.521,103.469,0,0,0.4479166567325592,0.4479166567325592,5.0
rung2_amos_ct,amos_0378,0.930186,3.4078,184.686,165.178,0,0,0.6328125,0.6328125,5.0
rung2_amos_ct,amos_0379,0.910775,4.4268,219.559,191.654,0,0,0.6080729365348816,0.6080729365348816,5.0
rung2_amos_ct,amos_0380,0.933809,1.9188,132.703,116.624,0,0,0.6067708134651184,0.6067708134651184,5.0
rung2_amos_ct,amos_0381,0.931232,2.5833,146.561,128.653,0,0,0.6458333134651184,0.6458333134651184,5.0
rung2_amos_ct,amos_0383,0.836152,19.357,135.366,97.68,0,0,0.60546875,0.60546875,5.0
rung2_amos_ct,amos_0384,0.0,,117.628,0.0,0,1,0.4622395932674408,0.4622395932674408,5.0
rung2_amos_ct,amos_0385,0.95512,1.4529,148.012,137.568,0,0,0.6497395634651184,0.6497395634651184,5.0
rung2_amos_ct,amos_0387,0.921946,5.2058,243.006,211.554,0,0,0.58203125,0.58203125,5.0
rung2_amos_ct,amos_0388,0.769392,25.1946,165.876,110.651,0,0,0.4817708432674408,0.4817708432674408,5.0
rung2_amos_ct,amos_0390,0.848635,10.5733,195.078,144.985,0,0,0.62109375,0.62109375,5.0
rung2_amos_ct,amos_0391,0.950923,1.9453,324.201,296.23,0,0,0.97265625,0.97265625,5.0
rung2_amos_ct,amos_0392,0.936025,2.3991,132.591,119.232,0,0,0.5364583134651184,0.5364583134651184,5.0
rung2_amos_ct,amos_0395,0.571458,36.5076,265.312,123.207,0,0,0.4622395932674408,0.4622395932674408,5.0
rung2_amos_ct,amos_0396,0.949502,2.0341,272.986,248.879,0,0,0.6432291865348816,0.6432291865348816,5.0
rung2_amos_ct,amos_0397,0.0,,188.746,0.0,0,1,0.51171875,0.51171875,5.0
rung2_amos_ct,amos_0398,0.896803,4.7797,93.637,77.015,0,0,0.6276041865348816,0.6276041865348816,5.0
rung2_amos_ct,amos_0399,0.936553,3.4599,160.181,151.674,0,0,0.4752604067325592,0.4752604067325592,5.0
rung2_amos_ct,amos_0400,0.54199,33.5633,131.462,48.875,0,0,0.4674479067325592,0.4674479067325592,5.0
rung2_amos_ct,amos_0401,0.954914,1.5742,201.312,186.311,0,0,0.5247395634651184,0.5247395634651184,5.0
rung2_amos_ct,amos_0402,0.949448,1.7458,289.78,264.045,0,0,0.5520833134651184,0.5520833134651184,5.0
rung2_amos_ct,amos_0403,0.930168,3.6018,189.315,165.189,0,0,0.5625,0.5625,5.0
rung2_amos_ct,amos_0404,0.0,,97.161,0.0,0,1,0.53515625,0.53515625,5.0
rung2_amos_ct,amos_0405,0.935956,2.497,191.803,177.084,0,0,0.5885416865348816,0.5885416865348816,5.0
rung2_amos_ct,amos_0406,0.589463,17.1269,186.601,80.212,0,0,0.5559895634651184,0.5559895634651184,5.0
rung2_amos_ct,amos_0408,0.762585,12.9646,220.388,135.91,0,0,0.6145833134651184,0.6145833134651184,5.0
rung2_amos_ct,amos_0409,0.950104,2.5125,229.13,214.914,0,0,0.609375,0.609375,5.0
rung2_amos_ct,amos_0410,0.033787,35.2422,170.202,2.925,0,0,0.5833333134651184,0.5833333134651184,5.0
